<?xml version="1.0"?>
<document>
  <properties>
    <title>jipCam News</title>
    <author email="gogodoit@sourceforge.net">The jipCam Team</author>
  </properties>
  <body>
    <section name="April 16, 2006: Axis Camera Emulator (ACE) added">
			<p>
				The Axis Camera Emulator is a servlet-based webapp that provides a software simulation of Axis 2100 or 2120 camera hardware.  It was born out of a need to load test image acquisition systems without purchasing new hardware.  It can simulate an Axis 2100 (~$300 USD, April 2006), or an Axis 2120 (~$1400 USD, April 2006), thus saving you that much money per camera for your development and testing needs!
			</p>
			<p>
				Probably the most productive use of ACE would be to provide a continuous integration cycle for your development team: run your unit tests for each image analysis module in an automated fashion against ACE, with known video feeds looping.
			</p>
			<p>
				The ACE webapp can be deployed to a servlet container (like Tomcat 5.5, OC4J, etc.) to allow simulation of the MJPEG-streaming capability of Axis cameras.  The full Axis v1.1 API is not supported, only camera properties (read only), and MJPEG streaming are supported.  A viewer applet is also provided to simulate viewing, much like the Axis camera's built in viewer.  Note that the jipCam-Axis Applet uses only ~50% of the cpu load of the Axis-embedded viewer applet, likely due to the use of Java Media Framework in jipCam.
			</p>
			<p>
				ACE is bundled with two sample MJPEG streams that loop in the applet when requested.  You can record your own MJPEG raw streams with your own cameras and deploy them to ACE for playback.  (Hint: run "ant -p" to see how to easily capture raw MJPEG from Axis cameras.)  This allows you to create build-and-test situations where you need to test your image acquisition code through a camera, but have a hard time simulating the camera's scene/stream at will (i.e. you're tired of walking in front of the camera!).
			</p>
			<p>
				  The image framerate can also be changed well beyond the camera's 15/30FPS hardware limits, up to the point the network is saturated.  This allows faster unit testing if your algorithms aren't sensitive to the time domain.  For example, you could perform unit testing of a long video sequence at 1000 frame per second to speed up the test cycle of 10 FPS video by two orders of magnitude.  The framerate is managed in the web.xml file, or via the MJPEG URL.
			</p>
			<p>
				You can conceivably deploy multiple ACE webapps to the same server on different ports to simulate any number of cameras simultaneously.  In testing a dual-Athlon MX 2000 system can handle 10 ACE deployments simulating 10 cameras, all streaming at the same time.  I'm sure more modern hardware could handle more ACE deployments but you may hit a bottleneck on the ethernet line (100/1000 MBit bandwidth limitations) before you saturate the hardware's resources.
			</p>
    </section>
    <section name="March 2, 2006: jipCam Added to Maven 2">
			<p>
				jipCam has been added to the Maven 2 repository on ibiblio.  This allows much easier project integration via the Maven toolset.  Developers no longer need to build from sources to manage the version of jipCam they are using.
			</p>
			<p>
				To use jipCam via Maven2, create a new dependency with groupId="net.sf.jipcam", artifactId="jipcam", and version="0.9.1", then rebuild your project.
			</p>
    </section>
    <section name="Feb 28, 2006: Version 0.9.1 has been released.">
      <p>
        There are several, mostly cosmetic, bugfixes in the 0.9.1 release.
        Note that if you've been working with the 0.9.0 release and you run CVS
        update on the sources, you will need to re-run "mvn install:install-file"
        according to the release notes.
      </p>
    </section>
  </body>
</document>

