<?xml version="1.0" encoding="ISO-8859-1"?>
<project name="jipCam">
  <bannerLeft>
    <name>jipCam</name>
    <src>/images/jipcam-project.png</src>
    <href>http://jipcam.sourceforge.net/</href>
  </bannerLeft>
  <bannerRight>
    <src>http://sflogo.sourceforge.net/sflogo.php?group_id=156042&amp;type=4</src>
    <href>http://sourceforge.net/projects/jipcam/</href>
  </bannerRight>
  <body>
    <links>
      <item name="JMF" href="http://java.sun.com/products/java-media/jmf/" />
			<item name="eyeQ" href="http://www.eyeqinc.com/"/>
			<item name="Axis" href="http://www.axis.com/"/>
			<item name="Jason Thrasher" href="http://www.coachthrasher.com/"/>
    </links>

    <menu name="General">
      <item name="Introduction" href="index.html"/>
      <item name="News" href="news.html"/>
      <item name="FAQ" href="faq.html"/>
      <item name="Javadoc API" href="javadoc/index.html"/>
      <item name="Download" href="http://sourceforge.net/project/showfiles.php?group_id=156042"/>
      <item name="Release Notes" href="release-notes.html" />
			<!--
      <item name="Road Map" href="roadmap.html" />
			-->
    </menu>

    ${reports}

  </body>
</project>
